﻿<?xml version="1.0" encoding="UTF-8"?>
<sections>
  <section name="ProteinDigestionSimulatorOptions">
    <item key="WindowWidth" value="960" />
    <item key="WindowHeight" value="800" />
    <item key="InputFilePath" value="QC_Standards_2004-01-21.fasta" />
    <item key="InputFileFormatIndex" value="0" />
    <item key="InputFileColumnDelimiterIndex" value="1" />
    <item key="InputFileColumnDelimiter" value=";" />
    <item key="InputFileColumnOrdering" value="2" />
    <item key="OutputFileFieldDelimiterIndex" value="1" />
    <item key="OutputFileFieldDelimiter" value=";" />
    <item key="IncludePrefixAndSuffixResidues" value="False" />
    <item key="EnableLogging" value="False" />
    <item key="CustomValidationRulesFilePath" value="" />
  </section>
  <section name="FastaInputOptions">
    <item key="RefStartChar" value="&gt;" />
    <item key="RefEndCharIndex" value="0" />
    <item key="RefEndChar" value=" " />
    <item key="LookForAddnlRefInDescription" value="False" />
    <item key="AddnlRefSepChar" value="|" />
    <item key="AddnlRefAccessionSepChar" value=":" />
  </section>
  <section name="ProcessingOptions">
    <item key="ExcludeProteinSequence" value="False" />
    <item key="ComputeProteinMass" value="False" />
    <item key="ComputepI" value="False" />
    <item key="ComputeNET" value="False" />
    <item key="ComputeSCX" value="False" />
    <item key="IncludeXResidues" value="False" />
    <item key="ComputeSequenceHashValues" value="True" />
    <item key="ComputeSequenceHashIgnoreILDiff" value="True" />
    <item key="TruncateProteinDescription" value="True" />
    <item key="ExcludeProteinDescription" value="False" />
    <item key="DigestProteins" value="False" />
    <item key="ProteinReversalIndex" value="0" />
    <item key="ProteinScramblingLoopCount" value="1" />
    <item key="ElementMassMode" value="1" />
    <item key="HydrophobicityMode" value="0" />
    <item key="MaxpIModeEnabled" value="False" />
    <item key="MaxpISequenceLength" value="10" />
  </section>
  <section name="DigestionOptions">
    <item key="CleavageRuleName" value="ConventionalTrypsin" />
    <item key="IncludeDuplicateSequences" value="False" />
    <item key="CysPeptidesOnly" value="False" />
    <item key="DigestProteinsMinimumMass" value="400" />
    <item key="DigestProteinsMaximumMass" value="6000" />
    <item key="DigestProteinsMinimumResidueCount" value="0" />
    <item key="DigestProteinsMaximumMissedCleavages" value="3" />
    <item key="DigestProteinsMinimumpI" value="0" />
    <item key="DigestProteinsMaximumpI" value="14" />
    <item key="FragmentMassModeIndex" value="0" />
    <item key="CysTreatmentModeIndex" value="0" />
  </section>
  <section name="UniquenessStatsOptions">
    <item key="AssumeInputFileIsDigested" value="True" />
    <item key="UniquenessBinWidth" value="25" />
    <item key="AutoComputeRangeForBinning" value="True" />
    <item key="UniquenessBinStartMass" value="400" />
    <item key="UniquenessBinEndMass" value="4000" />
    <item key="MaxPeakMatchingResultsPerFeatureToSave" value="3" />
    <item key="UseSLiCScoreForUniqueness" value="True" />
    <item key="MinimumSLiCScore" value="0.95" />
    <item key="UseEllipseSearchRegion" value="True" />
  </section>
  <section name="PeakMatchingOptions">
    <item key="MassToleranceType" value="0" />
    <item key="AutoDefineSLiCScoreThresholds" value="True" />
    <item key="ThresholdData" value="5,0.05" />
  </section>
</sections>