"Species","Disease_presence_antibody","Disease","Isotype","BSource","BType","n_unique_antibodies"
"Human",1,"AChR-MG","Bulk","PBMC","Memory-B-Cells",5464
"Human",2,"AChR-MG","Bulk","PBMC","Memory-B-Cells",2
"Human",1,"AChR-MG","Bulk","PBMC","Naive-B-Cells",10059
"Human",2,"AChR-MG","Bulk","PBMC","Naive-B-Cells",3
"Human",1,"AChR-MG","IGHA","PBMC","Memory-B-Cells",120606
"Human",2,"AChR-MG","IGHA","PBMC","Memory-B-Cells",30
"Human",1,"AChR-MG","IGHA","PBMC","Naive-B-Cells",13795
"Human",2,"AChR-MG","IGHA","PBMC","Naive-B-Cells",11
"Human",1,"AChR-MG","IGHD","PBMC","Memory-B-Cells",12758
"Human",2,"AChR-MG","IGHD","PBMC","Memory-B-Cells",21
"Human",1,"AChR-MG","IGHD","PBMC","Naive-B-Cells",105044
"Human",2,"AChR-MG","IGHD","PBMC","Naive-B-Cells",162
"Human",3,"AChR-MG","IGHD","PBMC","Naive-B-Cells",15
"Human",4,"AChR-MG","IGHD","PBMC","Naive-B-Cells",3
"Human",6,"AChR-MG","IGHD","PBMC","Naive-B-Cells",1
"Human",1,"AChR-MG","IGHE","PBMC","Memory-B-Cells",157
"Human",1,"AChR-MG","IGHE","PBMC","Naive-B-Cells",8
"Human",1,"AChR-MG","IGHG","PBMC","Memory-B-Cells",40001
"Human",2,"AChR-MG","IGHG","PBMC","Memory-B-Cells",15
"Human",1,"AChR-MG","IGHG","PBMC","Naive-B-Cells",6814
"Human",2,"AChR-MG","IGHG","PBMC","Naive-B-Cells",9
"Human",1,"AChR-MG","IGHM","PBMC","Memory-B-Cells",127391
"Human",2,"AChR-MG","IGHM","PBMC","Memory-B-Cells",71
"Human",1,"AChR-MG","IGHM","PBMC","Naive-B-Cells",377652
"Human",2,"AChR-MG","IGHM","PBMC","Naive-B-Cells",528
"Human",3,"AChR-MG","IGHM","PBMC","Naive-B-Cells",48
"Human",4,"AChR-MG","IGHM","PBMC","Naive-B-Cells",5
"Human",5,"AChR-MG","IGHM","PBMC","Naive-B-Cells",4
"Human",6,"AChR-MG","IGHM","PBMC","Naive-B-Cells",1
"Human",1,"Allergic-Rhinitis-In-Season","Bulk","PBMC/Nasal-Biopsy","Unsorted-B-Cells",1359
"Human",2,"Allergic-Rhinitis-In-Season","Bulk","PBMC/Nasal-Biopsy","Unsorted-B-Cells",3
"Human",1,"Allergic-Rhinitis-In-Season","IGHA","PBMC/Nasal-Biopsy","Unsorted-B-Cells",3163
"Human",2,"Allergic-Rhinitis-In-Season","IGHA","PBMC/Nasal-Biopsy","Unsorted-B-Cells",6
"Human",1,"Allergic-Rhinitis-In-Season","IGHE","PBMC/Nasal-Biopsy","Unsorted-B-Cells",294
"Human",2,"Allergic-Rhinitis-In-Season","IGHE","PBMC/Nasal-Biopsy","Unsorted-B-Cells",5
"Human",1,"Allergic-Rhinitis-In-Season","IGHG","PBMC/Nasal-Biopsy","Unsorted-B-Cells",3907
"Human",2,"Allergic-Rhinitis-In-Season","IGHG","PBMC/Nasal-Biopsy","Unsorted-B-Cells",9
"Human",1,"Allergic-Rhinitis-In-Season","IGHM","PBMC/Nasal-Biopsy","Unsorted-B-Cells",3414
"Human",2,"Allergic-Rhinitis-In-Season","IGHM","PBMC/Nasal-Biopsy","Unsorted-B-Cells",9
"Human",1,"Allergic-Rhinitis-Out-Of-Season","Bulk","PBMC/Nasal-Biopsy","Unsorted-B-Cells",779
"Human",2,"Allergic-Rhinitis-Out-Of-Season","Bulk","PBMC/Nasal-Biopsy","Unsorted-B-Cells",6
"Human",1,"Allergic-Rhinitis-Out-Of-Season","IGHA","PBMC/Nasal-Biopsy","Unsorted-B-Cells",2562
"Human",2,"Allergic-Rhinitis-Out-Of-Season","IGHA","PBMC/Nasal-Biopsy","Unsorted-B-Cells",8
"Human",1,"Allergic-Rhinitis-Out-Of-Season","IGHE","PBMC/Nasal-Biopsy","Unsorted-B-Cells",363
"Human",2,"Allergic-Rhinitis-Out-Of-Season","IGHE","PBMC/Nasal-Biopsy","Unsorted-B-Cells",6
"Human",1,"Allergic-Rhinitis-Out-Of-Season","IGHG","PBMC/Nasal-Biopsy","Unsorted-B-Cells",2190
"Human",2,"Allergic-Rhinitis-Out-Of-Season","IGHG","PBMC/Nasal-Biopsy","Unsorted-B-Cells",7
"Human",1,"Allergic-Rhinitis-Out-Of-Season","IGHM","PBMC/Nasal-Biopsy","Unsorted-B-Cells",1440
"Human",2,"Allergic-Rhinitis-Out-Of-Season","IGHM","PBMC/Nasal-Biopsy","Unsorted-B-Cells",7
"Human",1,"Allergy/NoSIT","Bulk","Bone-Marrow","Unsorted-B-Cells",16080
"Human",1,"Allergy/NoSIT","Bulk","Nasal-Biopsy","Unsorted-B-Cells",113
"Human",1,"Allergy/NoSIT","Bulk","PBMC","Unsorted-B-Cells",114853
"Human",2,"Allergy/NoSIT","Bulk","PBMC","Unsorted-B-Cells",178
"Human",3,"Allergy/NoSIT","Bulk","PBMC","Unsorted-B-Cells",17
"Human",4,"Allergy/NoSIT","Bulk","PBMC","Unsorted-B-Cells",3
"Human",5,"Allergy/NoSIT","Bulk","PBMC","Unsorted-B-Cells",1
"Human",1,"Allergy/NoSIT","IGHA","Bone-Marrow","Unsorted-B-Cells",2006388
"Human",2,"Allergy/NoSIT","IGHA","Bone-Marrow","Unsorted-B-Cells",14
"Human",3,"Allergy/NoSIT","IGHA","Bone-Marrow","Unsorted-B-Cells",1
"Human",1,"Allergy/NoSIT","IGHA","Nasal-Biopsy","Unsorted-B-Cells",13710
"Human",2,"Allergy/NoSIT","IGHA","Nasal-Biopsy","Unsorted-B-Cells",3
"Human",1,"Allergy/NoSIT","IGHA","PBMC","Unsorted-B-Cells",1149409
"Human",2,"Allergy/NoSIT","IGHA","PBMC","Unsorted-B-Cells",36
"Human",3,"Allergy/NoSIT","IGHA","PBMC","Unsorted-B-Cells",2
"Human",4,"Allergy/NoSIT","IGHA","PBMC","Unsorted-B-Cells",1
"Human",1,"Allergy/NoSIT","IGHD","Bone-Marrow","Unsorted-B-Cells",111
"Human",1,"Allergy/NoSIT","IGHD","Nasal-Biopsy","Unsorted-B-Cells",8028
"Human",1,"Allergy/NoSIT","IGHD","PBMC","Unsorted-B-Cells",33452
"Human",2,"Allergy/NoSIT","IGHD","PBMC","Unsorted-B-Cells",169
"Human",3,"Allergy/NoSIT","IGHD","PBMC","Unsorted-B-Cells",30
"Human",4,"Allergy/NoSIT","IGHD","PBMC","Unsorted-B-Cells",9
"Human",5,"Allergy/NoSIT","IGHD","PBMC","Unsorted-B-Cells",3
"Human",1,"Allergy/NoSIT","IGHE","Bone-Marrow","Unsorted-B-Cells",731589
"Human",1,"Allergy/NoSIT","IGHE","Nasal-Biopsy","Unsorted-B-Cells",369
"Human",1,"Allergy/NoSIT","IGHE","PBMC","Unsorted-B-Cells",271618
"Human",1,"Allergy/NoSIT","IGHG","Bone-Marrow","Unsorted-B-Cells",2446455
"Human",2,"Allergy/NoSIT","IGHG","Bone-Marrow","Unsorted-B-Cells",16
"Human",3,"Allergy/NoSIT","IGHG","Bone-Marrow","Unsorted-B-Cells",1
"Human",4,"Allergy/NoSIT","IGHG","Bone-Marrow","Unsorted-B-Cells",1
"Human",1,"Allergy/NoSIT","IGHG","Nasal-Biopsy","Unsorted-B-Cells",8215
"Human",1,"Allergy/NoSIT","IGHG","PBMC","Unsorted-B-Cells",874350
"Human",2,"Allergy/NoSIT","IGHG","PBMC","Unsorted-B-Cells",29
"Human",3,"Allergy/NoSIT","IGHG","PBMC","Unsorted-B-Cells",5
"Human",4,"Allergy/NoSIT","IGHG","PBMC","Unsorted-B-Cells",2
"Human",5,"Allergy/NoSIT","IGHG","PBMC","Unsorted-B-Cells",1
"Human",1,"Allergy/NoSIT","IGHM","Bone-Marrow","Unsorted-B-Cells",2438635
"Human",2,"Allergy/NoSIT","IGHM","Bone-Marrow","Unsorted-B-Cells",4448
"Human",3,"Allergy/NoSIT","IGHM","Bone-Marrow","Unsorted-B-Cells",443
"Human",4,"Allergy/NoSIT","IGHM","Bone-Marrow","Unsorted-B-Cells",83
"Human",5,"Allergy/NoSIT","IGHM","Bone-Marrow","Unsorted-B-Cells",14
"Human",6,"Allergy/NoSIT","IGHM","Bone-Marrow","Unsorted-B-Cells",1
"Human",1,"Allergy/NoSIT","IGHM","Nasal-Biopsy","Unsorted-B-Cells",7504
"Human",2,"Allergy/NoSIT","IGHM","Nasal-Biopsy","Unsorted-B-Cells",2
"Human",1,"Allergy/NoSIT","IGHM","PBMC","Unsorted-B-Cells",2696252
"Human",2,"Allergy/NoSIT","IGHM","PBMC","Unsorted-B-Cells",6338
"Human",3,"Allergy/NoSIT","IGHM","PBMC","Unsorted-B-Cells",665
"Human",4,"Allergy/NoSIT","IGHM","PBMC","Unsorted-B-Cells",124
"Human",5,"Allergy/NoSIT","IGHM","PBMC","Unsorted-B-Cells",28
"Human",1,"Allergy/SIT","Bulk","Nasal-Biopsy","Unsorted-B-Cells",153
"Human",1,"Allergy/SIT","Bulk","PBMC","Unsorted-B-Cells",143487
"Human",2,"Allergy/SIT","Bulk","PBMC","Unsorted-B-Cells",193
"Human",3,"Allergy/SIT","Bulk","PBMC","Unsorted-B-Cells",34
"Human",4,"Allergy/SIT","Bulk","PBMC","Unsorted-B-Cells",7
"Human",5,"Allergy/SIT","Bulk","PBMC","Unsorted-B-Cells",6
"Human",1,"Allergy/SIT","IGHA","Nasal-Biopsy","Unsorted-B-Cells",14388
"Human",2,"Allergy/SIT","IGHA","Nasal-Biopsy","Unsorted-B-Cells",1
"Human",1,"Allergy/SIT","IGHA","PBMC","Unsorted-B-Cells",64189
"Human",2,"Allergy/SIT","IGHA","PBMC","Unsorted-B-Cells",11
"Human",3,"Allergy/SIT","IGHA","PBMC","Unsorted-B-Cells",1
"Human",1,"Allergy/SIT","IGHD","Nasal-Biopsy","Unsorted-B-Cells",4853
"Human",2,"Allergy/SIT","IGHD","Nasal-Biopsy","Unsorted-B-Cells",1
"Human",1,"Allergy/SIT","IGHD","PBMC","Unsorted-B-Cells",65512
"Human",2,"Allergy/SIT","IGHD","PBMC","Unsorted-B-Cells",386
"Human",3,"Allergy/SIT","IGHD","PBMC","Unsorted-B-Cells",75
"Human",4,"Allergy/SIT","IGHD","PBMC","Unsorted-B-Cells",18
"Human",5,"Allergy/SIT","IGHD","PBMC","Unsorted-B-Cells",6
"Human",6,"Allergy/SIT","IGHD","PBMC","Unsorted-B-Cells",1
"Human",1,"Allergy/SIT","IGHE","Nasal-Biopsy","Unsorted-B-Cells",939
"Human",1,"Allergy/SIT","IGHE","PBMC","Unsorted-B-Cells",15700
"Human",2,"Allergy/SIT","IGHE","PBMC","Unsorted-B-Cells",2
"Human",1,"Allergy/SIT","IGHG","Nasal-Biopsy","Unsorted-B-Cells",5544
"Human",2,"Allergy/SIT","IGHG","Nasal-Biopsy","Unsorted-B-Cells",2
"Human",1,"Allergy/SIT","IGHG","PBMC","Unsorted-B-Cells",30620
"Human",2,"Allergy/SIT","IGHG","PBMC","Unsorted-B-Cells",7
"Human",1,"Allergy/SIT","IGHM","Nasal-Biopsy","Unsorted-B-Cells",5301
"Human",2,"Allergy/SIT","IGHM","Nasal-Biopsy","Unsorted-B-Cells",6
"Human",1,"Allergy/SIT","IGHM","PBMC","Unsorted-B-Cells",55563
"Human",2,"Allergy/SIT","IGHM","PBMC","Unsorted-B-Cells",238
"Human",3,"Allergy/SIT","IGHM","PBMC","Unsorted-B-Cells",46
"Human",4,"Allergy/SIT","IGHM","PBMC","Unsorted-B-Cells",11
"Human",5,"Allergy/SIT","IGHM","PBMC","Unsorted-B-Cells",5
"Human",1,"Asthma","Bulk","Biopsy","Unsorted-B-Cells",5614
"Human",1,"Asthma","Bulk","PBMC","Unsorted-B-Cells",243
"Human",1,"Asthma","IGHA","Biopsy","Unsorted-B-Cells",493245
"Human",2,"Asthma","IGHA","Biopsy","Unsorted-B-Cells",1
"Human",1,"Asthma","IGHA","PBMC","Unsorted-B-Cells",72650
"Human",2,"Asthma","IGHA","PBMC","Unsorted-B-Cells",6
"Human",3,"Asthma","IGHA","PBMC","Unsorted-B-Cells",1
"Human",1,"Asthma","IGHD","Biopsy","Unsorted-B-Cells",224780
"Human",2,"Asthma","IGHD","Biopsy","Unsorted-B-Cells",10
"Human",1,"Asthma","IGHD","PBMC","Unsorted-B-Cells",117960
"Human",2,"Asthma","IGHD","PBMC","Unsorted-B-Cells",54
"Human",3,"Asthma","IGHD","PBMC","Unsorted-B-Cells",7
"Human",4,"Asthma","IGHD","PBMC","Unsorted-B-Cells",2
"Human",5,"Asthma","IGHD","PBMC","Unsorted-B-Cells",2
"Human",1,"Asthma","IGHE","Biopsy","Unsorted-B-Cells",101
"Human",1,"Asthma","IGHE","PBMC","Unsorted-B-Cells",691
"Human",1,"Asthma","IGHG","Biopsy","Unsorted-B-Cells",1162909
"Human",2,"Asthma","IGHG","Biopsy","Unsorted-B-Cells",3
"Human",1,"Asthma","IGHG","PBMC","Unsorted-B-Cells",220553
"Human",2,"Asthma","IGHG","PBMC","Unsorted-B-Cells",10
"Human",3,"Asthma","IGHG","PBMC","Unsorted-B-Cells",3
"Human",4,"Asthma","IGHG","PBMC","Unsorted-B-Cells",1
"Human",1,"Asthma","IGHM","Biopsy","Unsorted-B-Cells",448395
"Human",2,"Asthma","IGHM","Biopsy","Unsorted-B-Cells",13
"Human",3,"Asthma","IGHM","Biopsy","Unsorted-B-Cells",1
"Human",1,"Asthma","IGHM","PBMC","Unsorted-B-Cells",260985
"Human",2,"Asthma","IGHM","PBMC","Unsorted-B-Cells",123
"Human",3,"Asthma","IGHM","PBMC","Unsorted-B-Cells",11
"Human",4,"Asthma","IGHM","PBMC","Unsorted-B-Cells",5
"Human",5,"Asthma","IGHM","PBMC","Unsorted-B-Cells",1
"Human",1,"CLL","Bulk","PBMC","Unsorted-B-Cells",15400
"Human",2,"CLL","Bulk","PBMC","Unsorted-B-Cells",3
"Human",3,"CLL","Bulk","PBMC","Unsorted-B-Cells",1
"Human",1,"CLL","IGHA","PBMC","Unsorted-B-Cells",5
"Human",1,"CLL","IGHD","PBMC","Unsorted-B-Cells",1
"Human",1,"CLL","IGHG","PBMC","Unsorted-B-Cells",5
"Human",1,"CLL","IGHM","PBMC","Unsorted-B-Cells",2
"Human",1,"CMV","Bulk","PBMC","Memory-B-Cells",205
"Human",1,"CMV","Bulk","PBMC","Naive-B-Cells",89
"Human",1,"CMV","Bulk","PBMC","Plasmablast",84
"Human",1,"CMV","Bulk","PBMC","Unsorted-B-Cells",1319
"Human",1,"CMV","IGHA","PBMC","Memory-B-Cells",22695
"Human",1,"CMV","IGHA","PBMC","Naive-B-Cells",42
"Human",1,"CMV","IGHA","PBMC","Plasmablast",2332
"Human",1,"CMV","IGHA","PBMC","Unsorted-B-Cells",33671
"Human",2,"CMV","IGHA","PBMC","Unsorted-B-Cells",1
"Human",1,"CMV","IGHD","PBMC","Memory-B-Cells",33
"Human",1,"CMV","IGHD","PBMC","Naive-B-Cells",9482
"Human",2,"CMV","IGHD","PBMC","Naive-B-Cells",20
"Human",3,"CMV","IGHD","PBMC","Naive-B-Cells",4
"Human",1,"CMV","IGHD","PBMC","Plasmablast",2
"Human",1,"CMV","IGHD","PBMC","Unsorted-B-Cells",8351
"Human",2,"CMV","IGHD","PBMC","Unsorted-B-Cells",23
"Human",3,"CMV","IGHD","PBMC","Unsorted-B-Cells",1
"Human",5,"CMV","IGHD","PBMC","Unsorted-B-Cells",1
"Human",1,"CMV","IGHE","PBMC","Memory-B-Cells",1
"Human",1,"CMV","IGHE","PBMC","Unsorted-B-Cells",1
"Human",1,"CMV","IGHG","PBMC","Memory-B-Cells",14450
"Human",1,"CMV","IGHG","PBMC","Naive-B-Cells",136
"Human",1,"CMV","IGHG","PBMC","Plasmablast",2666
"Human",1,"CMV","IGHG","PBMC","Unsorted-B-Cells",15742
"Human",1,"CMV","IGHM","PBMC","Memory-B-Cells",14888
"Human",2,"CMV","IGHM","PBMC","Memory-B-Cells",3
"Human",1,"CMV","IGHM","PBMC","Naive-B-Cells",215112
"Human",2,"CMV","IGHM","PBMC","Naive-B-Cells",883
"Human",3,"CMV","IGHM","PBMC","Naive-B-Cells",107
"Human",4,"CMV","IGHM","PBMC","Naive-B-Cells",22
"Human",5,"CMV","IGHM","PBMC","Naive-B-Cells",4
"Human",6,"CMV","IGHM","PBMC","Naive-B-Cells",5
"Human",7,"CMV","IGHM","PBMC","Naive-B-Cells",1
"Human",1,"CMV","IGHM","PBMC","Plasmablast",108
"Human",1,"CMV","IGHM","PBMC","Unsorted-B-Cells",127092
"Human",2,"CMV","IGHM","PBMC","Unsorted-B-Cells",437
"Human",3,"CMV","IGHM","PBMC","Unsorted-B-Cells",46
"Human",4,"CMV","IGHM","PBMC","Unsorted-B-Cells",5
"Human",5,"CMV","IGHM","PBMC","Unsorted-B-Cells",3
"Human",1,"CMV/EBV","Bulk","Bone-Marrow","Unsorted-B-Cells",4356569
"Human",2,"CMV/EBV","Bulk","Bone-Marrow","Unsorted-B-Cells",1838
"Human",3,"CMV/EBV","Bulk","Bone-Marrow","Unsorted-B-Cells",228
"Human",4,"CMV/EBV","Bulk","Bone-Marrow","Unsorted-B-Cells",52
"Human",5,"CMV/EBV","Bulk","Bone-Marrow","Unsorted-B-Cells",14
"Human",6,"CMV/EBV","Bulk","Bone-Marrow","Unsorted-B-Cells",1
"Human",1,"CMV/EBV","Bulk","Colon","Unsorted-B-Cells",1868130
"Human",2,"CMV/EBV","Bulk","Colon","Unsorted-B-Cells",1085
"Human",3,"CMV/EBV","Bulk","Colon","Unsorted-B-Cells",40
"Human",4,"CMV/EBV","Bulk","Colon","Unsorted-B-Cells",8
"Human",5,"CMV/EBV","Bulk","Colon","Unsorted-B-Cells",2
"Human",1,"CMV/EBV","Bulk","Ileum","Unsorted-B-Cells",1539280
"Human",2,"CMV/EBV","Bulk","Ileum","Unsorted-B-Cells",352
"Human",3,"CMV/EBV","Bulk","Ileum","Unsorted-B-Cells",27
"Human",4,"CMV/EBV","Bulk","Ileum","Unsorted-B-Cells",6
"Human",5,"CMV/EBV","Bulk","Ileum","Unsorted-B-Cells",4
"Human",1,"CMV/EBV","Bulk","Jejunum","Unsorted-B-Cells",1816239
"Human",2,"CMV/EBV","Bulk","Jejunum","Unsorted-B-Cells",5427
"Human",1,"CMV/EBV","Bulk","Lung","Unsorted-B-Cells",2035656
"Human",2,"CMV/EBV","Bulk","Lung","Unsorted-B-Cells",7023
"Human",3,"CMV/EBV","Bulk","Lung","Unsorted-B-Cells",1
"Human",4,"CMV/EBV","Bulk","Lung","Unsorted-B-Cells",1
"Human",1,"CMV/EBV","Bulk","Mesenteric-Lymph-Node","Unsorted-B-Cells",3175224
"Human",2,"CMV/EBV","Bulk","Mesenteric-Lymph-Node","Unsorted-B-Cells",1599
"Human",3,"CMV/EBV","Bulk","Mesenteric-Lymph-Node","Unsorted-B-Cells",176
"Human",4,"CMV/EBV","Bulk","Mesenteric-Lymph-Node","Unsorted-B-Cells",53
"Human",5,"CMV/EBV","Bulk","Mesenteric-Lymph-Node","Unsorted-B-Cells",10
"Human",6,"CMV/EBV","Bulk","Mesenteric-Lymph-Node","Unsorted-B-Cells",1
"Human",1,"CMV/EBV","Bulk","PBMC","Unsorted-B-Cells",2293788
"Human",2,"CMV/EBV","Bulk","PBMC","Unsorted-B-Cells",831
"Human",3,"CMV/EBV","Bulk","PBMC","Unsorted-B-Cells",109
"Human",4,"CMV/EBV","Bulk","PBMC","Unsorted-B-Cells",17
"Human",5,"CMV/EBV","Bulk","PBMC","Unsorted-B-Cells",2
"Human",6,"CMV/EBV","Bulk","PBMC","Unsorted-B-Cells",1
"Human",1,"CMV/EBV","Bulk","Spleen","Unsorted-B-Cells",4408286
"Human",2,"CMV/EBV","Bulk","Spleen","Unsorted-B-Cells",3494
"Human",3,"CMV/EBV","Bulk","Spleen","Unsorted-B-Cells",196
"Human",4,"CMV/EBV","Bulk","Spleen","Unsorted-B-Cells",46
"Human",5,"CMV/EBV","Bulk","Spleen","Unsorted-B-Cells",6
"Human",6,"CMV/EBV","Bulk","Spleen","Unsorted-B-Cells",1
"Human",1,"CMV/EBV","IGHA","Ileum","Unsorted-B-Cells",1
"Human",1,"CMV/EBV","IGHD","Lung","Unsorted-B-Cells",1
"Human",1,"CMV/EBV","IGHG","Bone-Marrow","Unsorted-B-Cells",2
"Human",1,"CMV/EBV","IGHM","Ileum","Unsorted-B-Cells",1
"Human",1,"Dengue","Bulk","PBMC","Unsorted-B-Cells",282217
"Human",2,"Dengue","Bulk","PBMC","Unsorted-B-Cells",89
"Human",3,"Dengue","Bulk","PBMC","Unsorted-B-Cells",13
"Human",4,"Dengue","Bulk","PBMC","Unsorted-B-Cells",4
"Human",5,"Dengue","Bulk","PBMC","Unsorted-B-Cells",2
"Human",1,"EBV","Bulk","Bone-Marrow","Unsorted-B-Cells",328858
"Human",2,"EBV","Bulk","Bone-Marrow","Unsorted-B-Cells",200
"Human",3,"EBV","Bulk","Bone-Marrow","Unsorted-B-Cells",3
"Human",1,"EBV","Bulk","Colon","Unsorted-B-Cells",305781
"Human",2,"EBV","Bulk","Colon","Unsorted-B-Cells",4986
"Human",1,"EBV","Bulk","Ileum","Unsorted-B-Cells",479781
"Human",2,"EBV","Bulk","Ileum","Unsorted-B-Cells",4136
"Human",1,"EBV","Bulk","Jejunum","Unsorted-B-Cells",333189
"Human",2,"EBV","Bulk","Jejunum","Unsorted-B-Cells",188
"Human",1,"EBV","Bulk","Lung","Unsorted-B-Cells",238693
"Human",2,"EBV","Bulk","Lung","Unsorted-B-Cells",5817
"Human",4,"EBV","Bulk","Lung","Unsorted-B-Cells",1
"Human",1,"EBV","Bulk","Mesenteric-Lymph-Node","Unsorted-B-Cells",548783
"Human",2,"EBV","Bulk","Mesenteric-Lymph-Node","Unsorted-B-Cells",1236
"Human",3,"EBV","Bulk","Mesenteric-Lymph-Node","Unsorted-B-Cells",1
"Human",1,"EBV","Bulk","PBMC","Unsorted-B-Cells",273932
"Human",2,"EBV","Bulk","PBMC","Unsorted-B-Cells",215
"Human",3,"EBV","Bulk","PBMC","Unsorted-B-Cells",1
"Human",4,"EBV","Bulk","PBMC","Unsorted-B-Cells",2
"Human",5,"EBV","Bulk","PBMC","Unsorted-B-Cells",1
"Human",1,"EBV","Bulk","Spleen","Unsorted-B-Cells",328607
"Human",2,"EBV","Bulk","Spleen","Unsorted-B-Cells",253
"Human",3,"EBV","Bulk","Spleen","Unsorted-B-Cells",2
"Human",4,"EBV","Bulk","Spleen","Unsorted-B-Cells",1
"Human",1,"Ebola","Bulk","PBMC","Plasmablast",769
"Human",2,"Ebola","Bulk","PBMC","Plasmablast",6
"Human",3,"Ebola","Bulk","PBMC","Plasmablast",1
"Human",1,"Ebola","Bulk","PBMC","Unsorted-B-Cells",37384
"Human",2,"Ebola","Bulk","PBMC","Unsorted-B-Cells",375
"Human",3,"Ebola","Bulk","PBMC","Unsorted-B-Cells",2
"Human",1,"Ebola","IGHA","PBMC","Plasmablast",118068
"Human",1,"Ebola","IGHA","PBMC","Unsorted-B-Cells",2503001
"Human",2,"Ebola","IGHA","PBMC","Unsorted-B-Cells",248
"Human",3,"Ebola","IGHA","PBMC","Unsorted-B-Cells",32
"Human",4,"Ebola","IGHA","PBMC","Unsorted-B-Cells",14
"Human",5,"Ebola","IGHA","PBMC","Unsorted-B-Cells",2
"Human",6,"Ebola","IGHA","PBMC","Unsorted-B-Cells",1
"Human",1,"Ebola","IGHD","PBMC","Unsorted-B-Cells",907539
"Human",2,"Ebola","IGHD","PBMC","Unsorted-B-Cells",1861
"Human",3,"Ebola","IGHD","PBMC","Unsorted-B-Cells",216
"Human",4,"Ebola","IGHD","PBMC","Unsorted-B-Cells",53
"Human",5,"Ebola","IGHD","PBMC","Unsorted-B-Cells",9
"Human",1,"Ebola","IGHE","PBMC","Unsorted-B-Cells",93068
"Human",1,"Ebola","IGHG","PBMC","Plasmablast",134150
"Human",2,"Ebola","IGHG","PBMC","Plasmablast",5
"Human",3,"Ebola","IGHG","PBMC","Plasmablast",1
"Human",1,"Ebola","IGHG","PBMC","Unsorted-B-Cells",4338873
"Human",2,"Ebola","IGHG","PBMC","Unsorted-B-Cells",2273
"Human",3,"Ebola","IGHG","PBMC","Unsorted-B-Cells",261
"Human",4,"Ebola","IGHG","PBMC","Unsorted-B-Cells",41
"Human",5,"Ebola","IGHG","PBMC","Unsorted-B-Cells",9
"Human",1,"Ebola","IGHM","PBMC","Plasmablast",84213
"Human",2,"Ebola","IGHM","PBMC","Plasmablast",1
"Human",1,"Ebola","IGHM","PBMC","Unsorted-B-Cells",3667054
"Human",2,"Ebola","IGHM","PBMC","Unsorted-B-Cells",3599
"Human",3,"Ebola","IGHM","PBMC","Unsorted-B-Cells",454
"Human",4,"Ebola","IGHM","PBMC","Unsorted-B-Cells",97
"Human",5,"Ebola","IGHM","PBMC","Unsorted-B-Cells",21
"Human",6,"Ebola","IGHM","PBMC","Unsorted-B-Cells",1
"Human",1,"HCV","Bulk","PBMC","Unsorted-B-Cells",11262
"Human",1,"HCV","IGHA","PBMC","Unsorted-B-Cells",316100
"Human",2,"HCV","IGHA","PBMC","Unsorted-B-Cells",2
"Human",3,"HCV","IGHA","PBMC","Unsorted-B-Cells",2
"Human",1,"HCV","IGHD","PBMC","Unsorted-B-Cells",80927
"Human",2,"HCV","IGHD","PBMC","Unsorted-B-Cells",111
"Human",3,"HCV","IGHD","PBMC","Unsorted-B-Cells",20
"Human",4,"HCV","IGHD","PBMC","Unsorted-B-Cells",1
"Human",5,"HCV","IGHD","PBMC","Unsorted-B-Cells",1
"Human",6,"HCV","IGHD","PBMC","Unsorted-B-Cells",1
"Human",1,"HCV","IGHE","PBMC","Unsorted-B-Cells",226
"Human",1,"HCV","IGHG","PBMC","Unsorted-B-Cells",124366
"Human",2,"HCV","IGHG","PBMC","Unsorted-B-Cells",1
"Human",1,"HCV","IGHM","PBMC","Unsorted-B-Cells",533444
"Human",2,"HCV","IGHM","PBMC","Unsorted-B-Cells",436
"Human",3,"HCV","IGHM","PBMC","Unsorted-B-Cells",75
"Human",4,"HCV","IGHM","PBMC","Unsorted-B-Cells",21
"Human",5,"HCV","IGHM","PBMC","Unsorted-B-Cells",6
"Human",6,"HCV","IGHM","PBMC","Unsorted-B-Cells",2
"Human",7,"HCV","IGHM","PBMC","Unsorted-B-Cells",1
"Human",1,"HIV","Bulk","PBMC","Memory-B-Cells",3439608
"Human",2,"HIV","Bulk","PBMC","Memory-B-Cells",4
"Human",3,"HIV","Bulk","PBMC","Memory-B-Cells",1
"Human",1,"HIV","Bulk","PBMC","Unsorted-B-Cells",42278376
"Human",2,"HIV","Bulk","PBMC","Unsorted-B-Cells",3848
"Human",3,"HIV","Bulk","PBMC","Unsorted-B-Cells",509
"Human",4,"HIV","Bulk","PBMC","Unsorted-B-Cells",106
"Human",5,"HIV","Bulk","PBMC","Unsorted-B-Cells",24
"Human",6,"HIV","Bulk","PBMC","Unsorted-B-Cells",1
"Human",1,"HIV","IGHA","PBMC","Unsorted-B-Cells",1505587
"Human",2,"HIV","IGHA","PBMC","Unsorted-B-Cells",1
"Human",3,"HIV","IGHA","PBMC","Unsorted-B-Cells",1
"Human",1,"HIV","IGHD","PBMC","Unsorted-B-Cells",116
"Human",1,"HIV","IGHE","PBMC","Memory-B-Cells",1
"Human",1,"HIV","IGHE","PBMC","Unsorted-B-Cells",1086
"Human",1,"HIV","IGHG","PBMC","Memory-B-Cells",182
"Human",1,"HIV","IGHG","PBMC","Unsorted-B-Cells",5479163
"Human",2,"HIV","IGHG","PBMC","Unsorted-B-Cells",61
"Human",3,"HIV","IGHG","PBMC","Unsorted-B-Cells",6
"Human",4,"HIV","IGHG","PBMC","Unsorted-B-Cells",3
"Human",6,"HIV","IGHG","PBMC","Unsorted-B-Cells",1
"Human",7,"HIV","IGHG","PBMC","Unsorted-B-Cells",1
"Human",1,"HIV","IGHM","PBMC","Memory-B-Cells",1
"Human",1,"HIV","IGHM","PBMC","Unsorted-B-Cells",2986161
"Human",2,"HIV","IGHM","PBMC","Unsorted-B-Cells",2138
"Human",3,"HIV","IGHM","PBMC","Unsorted-B-Cells",228
"Human",4,"HIV","IGHM","PBMC","Unsorted-B-Cells",49
"Human",5,"HIV","IGHM","PBMC","Unsorted-B-Cells",10
"Human",6,"HIV","IGHM","PBMC","Unsorted-B-Cells",4
"Human",1,"Healthy/celiac-disease","Bulk","PBMC","Naive-B-Cells",36190
"Human",2,"Healthy/celiac-disease","Bulk","PBMC","Naive-B-Cells",17
"Human",3,"Healthy/celiac-disease","Bulk","PBMC","Naive-B-Cells",1
"Human",4,"Healthy/celiac-disease","Bulk","PBMC","Naive-B-Cells",1
"Human",1,"Healthy/celiac-disease","IGHA","PBMC","Naive-B-Cells",71057
"Human",1,"Healthy/celiac-disease","IGHD","PBMC","Naive-B-Cells",2790285
"Human",2,"Healthy/celiac-disease","IGHD","PBMC","Naive-B-Cells",1548
"Human",3,"Healthy/celiac-disease","IGHD","PBMC","Naive-B-Cells",160
"Human",4,"Healthy/celiac-disease","IGHD","PBMC","Naive-B-Cells",29
"Human",5,"Healthy/celiac-disease","IGHD","PBMC","Naive-B-Cells",8
"Human",6,"Healthy/celiac-disease","IGHD","PBMC","Naive-B-Cells",3
"Human",7,"Healthy/celiac-disease","IGHD","PBMC","Naive-B-Cells",1
"Human",1,"Healthy/celiac-disease","IGHE","PBMC","Naive-B-Cells",157
"Human",1,"Healthy/celiac-disease","IGHG","PBMC","Naive-B-Cells",13278
"Human",1,"Healthy/celiac-disease","IGHM","PBMC","Naive-B-Cells",10710831
"Human",2,"Healthy/celiac-disease","IGHM","PBMC","Naive-B-Cells",4538
"Human",3,"Healthy/celiac-disease","IGHM","PBMC","Naive-B-Cells",367
"Human",4,"Healthy/celiac-disease","IGHM","PBMC","Naive-B-Cells",60
"Human",5,"Healthy/celiac-disease","IGHM","PBMC","Naive-B-Cells",12
"Human",6,"Healthy/celiac-disease","IGHM","PBMC","Naive-B-Cells",5
"Human",7,"Healthy/celiac-disease","IGHM","PBMC","Naive-B-Cells",1
"Human",1,"Light-Chain-Amyloidosis","Bulk","Bone-Marrow","Unsorted-B-Cells",5211
"Human",1,"Light-Chain-Amyloidosis","IGHA","Bone-Marrow","Unsorted-B-Cells",318852
"Human",2,"Light-Chain-Amyloidosis","IGHA","Bone-Marrow","Unsorted-B-Cells",4
"Human",3,"Light-Chain-Amyloidosis","IGHA","Bone-Marrow","Unsorted-B-Cells",2
"Human",1,"Light-Chain-Amyloidosis","IGHD","Bone-Marrow","Unsorted-B-Cells",36884
"Human",2,"Light-Chain-Amyloidosis","IGHD","Bone-Marrow","Unsorted-B-Cells",10
"Human",3,"Light-Chain-Amyloidosis","IGHD","Bone-Marrow","Unsorted-B-Cells",1
"Human",4,"Light-Chain-Amyloidosis","IGHD","Bone-Marrow","Unsorted-B-Cells",1
"Human",1,"Light-Chain-Amyloidosis","IGHE","Bone-Marrow","Unsorted-B-Cells",344
"Human",1,"Light-Chain-Amyloidosis","IGHG","Bone-Marrow","Unsorted-B-Cells",224894
"Human",1,"Light-Chain-Amyloidosis","IGHM","Bone-Marrow","Unsorted-B-Cells",139364
"Human",2,"Light-Chain-Amyloidosis","IGHM","Bone-Marrow","Unsorted-B-Cells",44
"Human",3,"Light-Chain-Amyloidosis","IGHM","Bone-Marrow","Unsorted-B-Cells",13
"Human",4,"Light-Chain-Amyloidosis","IGHM","Bone-Marrow","Unsorted-B-Cells",2
"Human",5,"Light-Chain-Amyloidosis","IGHM","Bone-Marrow","Unsorted-B-Cells",1
"Human",1,"MS","Bulk","Brain-Lesion","Unsorted-B-Cells",4436
"Human",1,"MS","Bulk","Cerebrospinal-Fluid","Unsorted-B-Cells",9
"Human",1,"MS","Bulk","Cervical-Lymph-Node","Unsorted-B-Cells",17634
"Human",1,"MS","Bulk","Choroid-Plexus","Unsorted-B-Cells",1710
"Human",1,"MS","Bulk","PBMC","Unsorted-B-Cells",603
"Human",1,"MS","Bulk","Pia-Mater","Unsorted-B-Cells",1129
"Human",1,"MS","IGHA","Brain-Lesion","Unsorted-B-Cells",34864
"Human",1,"MS","IGHA","Cervical-Lymph-Node","Unsorted-B-Cells",768771
"Human",2,"MS","IGHA","Cervical-Lymph-Node","Unsorted-B-Cells",4
"Human",1,"MS","IGHA","Choroid-Plexus","Unsorted-B-Cells",87601
"Human",1,"MS","IGHA","Pia-Mater","Unsorted-B-Cells",14453
"Human",1,"MS","IGHD","Brain-Lesion","Unsorted-B-Cells",7913
"Human",1,"MS","IGHD","Cervical-Lymph-Node","Unsorted-B-Cells",112274
"Human",2,"MS","IGHD","Cervical-Lymph-Node","Unsorted-B-Cells",28
"Human",3,"MS","IGHD","Cervical-Lymph-Node","Unsorted-B-Cells",13
"Human",4,"MS","IGHD","Cervical-Lymph-Node","Unsorted-B-Cells",5
"Human",1,"MS","IGHD","Choroid-Plexus","Unsorted-B-Cells",633
"Human",1,"MS","IGHD","Pia-Mater","Unsorted-B-Cells",1133
"Human",1,"MS","IGHE","Brain-Lesion","Unsorted-B-Cells",1932
"Human",1,"MS","IGHE","Cerebrospinal-Fluid","Unsorted-B-Cells",2
"Human",1,"MS","IGHE","Cervical-Lymph-Node","Unsorted-B-Cells",43867
"Human",2,"MS","IGHE","Cervical-Lymph-Node","Unsorted-B-Cells",1
"Human",1,"MS","IGHE","Choroid-Plexus","Unsorted-B-Cells",326
"Human",1,"MS","IGHE","PBMC","Unsorted-B-Cells",43
"Human",1,"MS","IGHE","Pia-Mater","Unsorted-B-Cells",771
"Human",1,"MS","IGHG","Brain-Lesion","Unsorted-B-Cells",770182
"Human",1,"MS","IGHG","Cerebrospinal-Fluid","Unsorted-B-Cells",14701
"Human",1,"MS","IGHG","Cervical-Lymph-Node","Unsorted-B-Cells",6021524
"Human",2,"MS","IGHG","Cervical-Lymph-Node","Unsorted-B-Cells",53
"Human",3,"MS","IGHG","Cervical-Lymph-Node","Unsorted-B-Cells",4
"Human",4,"MS","IGHG","Cervical-Lymph-Node","Unsorted-B-Cells",1
"Human",1,"MS","IGHG","Choroid-Plexus","Unsorted-B-Cells",92627
"Human",1,"MS","IGHG","Cortex","Unsorted-B-Cells",18
"Human",1,"MS","IGHG","PBMC","Unsorted-B-Cells",155663
"Human",2,"MS","IGHG","PBMC","Unsorted-B-Cells",5
"Human",1,"MS","IGHG","Pia-Mater","Unsorted-B-Cells",132767
"Human",2,"MS","IGHG","Pia-Mater","Unsorted-B-Cells",3
"Human",1,"MS","IGHG","Spleen","Unsorted-B-Cells",43
"Human",1,"MS","IGHM","Brain-Lesion","Unsorted-B-Cells",30990
"Human",2,"MS","IGHM","Brain-Lesion","Unsorted-B-Cells",2
"Human",1,"MS","IGHM","Cerebrospinal-Fluid","Unsorted-B-Cells",2073
"Human",1,"MS","IGHM","Cervical-Lymph-Node","Unsorted-B-Cells",1235479
"Human",2,"MS","IGHM","Cervical-Lymph-Node","Unsorted-B-Cells",423
"Human",3,"MS","IGHM","Cervical-Lymph-Node","Unsorted-B-Cells",54
"Human",4,"MS","IGHM","Cervical-Lymph-Node","Unsorted-B-Cells",20
"Human",5,"MS","IGHM","Cervical-Lymph-Node","Unsorted-B-Cells",2
"Human",6,"MS","IGHM","Cervical-Lymph-Node","Unsorted-B-Cells",3
"Human",1,"MS","IGHM","Choroid-Plexus","Unsorted-B-Cells",12331
"Human",2,"MS","IGHM","Choroid-Plexus","Unsorted-B-Cells",1
"Human",1,"MS","IGHM","Cortex","Unsorted-B-Cells",8
"Human",1,"MS","IGHM","PBMC","Unsorted-B-Cells",166360
"Human",2,"MS","IGHM","PBMC","Unsorted-B-Cells",76
"Human",3,"MS","IGHM","PBMC","Unsorted-B-Cells",9
"Human",4,"MS","IGHM","PBMC","Unsorted-B-Cells",5
"Human",7,"MS","IGHM","PBMC","Unsorted-B-Cells",1
"Human",1,"MS","IGHM","Pia-Mater","Unsorted-B-Cells",5752
"Human",1,"MS","IGHM","Spleen","Unsorted-B-Cells",32
"Human",1,"MuSK-MG","Bulk","PBMC","Memory-B-Cells",10366
"Human",2,"MuSK-MG","Bulk","PBMC","Memory-B-Cells",2
"Human",1,"MuSK-MG","Bulk","PBMC","Naive-B-Cells",21410
"Human",2,"MuSK-MG","Bulk","PBMC","Naive-B-Cells",23
"Human",3,"MuSK-MG","Bulk","PBMC","Naive-B-Cells",1
"Human",1,"MuSK-MG","Bulk","PBMC","Unsorted-B-Cells",904
"Human",2,"MuSK-MG","Bulk","PBMC","Unsorted-B-Cells",1
"Human",1,"MuSK-MG","IGHA","PBMC","Memory-B-Cells",76770
"Human",2,"MuSK-MG","IGHA","PBMC","Memory-B-Cells",27
"Human",1,"MuSK-MG","IGHA","PBMC","Naive-B-Cells",11708
"Human",2,"MuSK-MG","IGHA","PBMC","Naive-B-Cells",10
"Human",1,"MuSK-MG","IGHA","PBMC","Unsorted-B-Cells",23306
"Human",2,"MuSK-MG","IGHA","PBMC","Unsorted-B-Cells",3
"Human",1,"MuSK-MG","IGHD","PBMC","Memory-B-Cells",13341
"Human",2,"MuSK-MG","IGHD","PBMC","Memory-B-Cells",14
"Human",1,"MuSK-MG","IGHD","PBMC","Naive-B-Cells",73161
"Human",2,"MuSK-MG","IGHD","PBMC","Naive-B-Cells",86
"Human",3,"MuSK-MG","IGHD","PBMC","Naive-B-Cells",8
"Human",6,"MuSK-MG","IGHD","PBMC","Naive-B-Cells",1
"Human",1,"MuSK-MG","IGHD","PBMC","Unsorted-B-Cells",8162
"Human",2,"MuSK-MG","IGHD","PBMC","Unsorted-B-Cells",8
"Human",5,"MuSK-MG","IGHD","PBMC","Unsorted-B-Cells",1
"Human",1,"MuSK-MG","IGHE","PBMC","Memory-B-Cells",42
"Human",1,"MuSK-MG","IGHE","PBMC","Naive-B-Cells",10
"Human",1,"MuSK-MG","IGHG","PBMC","Memory-B-Cells",23972
"Human",2,"MuSK-MG","IGHG","PBMC","Memory-B-Cells",18
"Human",1,"MuSK-MG","IGHG","PBMC","Naive-B-Cells",5267
"Human",2,"MuSK-MG","IGHG","PBMC","Naive-B-Cells",6
"Human",1,"MuSK-MG","IGHG","PBMC","Unsorted-B-Cells",3985
"Human",1,"MuSK-MG","IGHM","PBMC","Memory-B-Cells",100752
"Human",2,"MuSK-MG","IGHM","PBMC","Memory-B-Cells",76
"Human",3,"MuSK-MG","IGHM","PBMC","Memory-B-Cells",1
"Human",1,"MuSK-MG","IGHM","PBMC","Naive-B-Cells",197087
"Human",2,"MuSK-MG","IGHM","PBMC","Naive-B-Cells",233
"Human",3,"MuSK-MG","IGHM","PBMC","Naive-B-Cells",13
"Human",4,"MuSK-MG","IGHM","PBMC","Naive-B-Cells",4
"Human",5,"MuSK-MG","IGHM","PBMC","Naive-B-Cells",1
"Human",6,"MuSK-MG","IGHM","PBMC","Naive-B-Cells",1
"Human",1,"MuSK-MG","IGHM","PBMC","Unsorted-B-Cells",29558
"Human",2,"MuSK-MG","IGHM","PBMC","Unsorted-B-Cells",45
"Human",3,"MuSK-MG","IGHM","PBMC","Unsorted-B-Cells",5
"Human",4,"MuSK-MG","IGHM","PBMC","Unsorted-B-Cells",1
"Human",1,"Non-Dengue-Febrile-Illness","Bulk","PBMC","Unsorted-B-Cells",8366
"Human",2,"Non-Dengue-Febrile-Illness","Bulk","PBMC","Unsorted-B-Cells",13
"Human",3,"Non-Dengue-Febrile-Illness","Bulk","PBMC","Unsorted-B-Cells",1
"Human",4,"Non-Dengue-Febrile-Illness","Bulk","PBMC","Unsorted-B-Cells",1
"Human",1,"Obstructive-Sleep-Apnea","Bulk","Tonsillectomy","Germlinal-Center-B-Cells",6788
"Human",2,"Obstructive-Sleep-Apnea","Bulk","Tonsillectomy","Germlinal-Center-B-Cells",13
"Human",1,"Obstructive-Sleep-Apnea","Bulk","Tonsillectomy","Memory-B-Cells",3279
"Human",2,"Obstructive-Sleep-Apnea","Bulk","Tonsillectomy","Memory-B-Cells",11
"Human",1,"Obstructive-Sleep-Apnea","Bulk","Tonsillectomy","Naive-B-Cells",1259
"Human",2,"Obstructive-Sleep-Apnea","Bulk","Tonsillectomy","Naive-B-Cells",2
"Human",1,"Obstructive-Sleep-Apnea","Bulk","Tonsillectomy","Plasmablast",7432
"Human",2,"Obstructive-Sleep-Apnea","Bulk","Tonsillectomy","Plasmablast",8
"Human",1,"Obstructive-Sleep-Apnea","Bulk","Tonsillectomy","Unsorted-B-Cells",1295
"Human",2,"Obstructive-Sleep-Apnea","Bulk","Tonsillectomy","Unsorted-B-Cells",2
"Human",1,"Obstructive-Sleep-Apnea","IGHA","Tonsillectomy","Germlinal-Center-B-Cells",78091
"Human",2,"Obstructive-Sleep-Apnea","IGHA","Tonsillectomy","Germlinal-Center-B-Cells",100
"Human",3,"Obstructive-Sleep-Apnea","IGHA","Tonsillectomy","Germlinal-Center-B-Cells",19
"Human",1,"Obstructive-Sleep-Apnea","IGHA","Tonsillectomy","Memory-B-Cells",32520
"Human",2,"Obstructive-Sleep-Apnea","IGHA","Tonsillectomy","Memory-B-Cells",35
"Human",3,"Obstructive-Sleep-Apnea","IGHA","Tonsillectomy","Memory-B-Cells",4
"Human",1,"Obstructive-Sleep-Apnea","IGHA","Tonsillectomy","Naive-B-Cells",354
"Human",2,"Obstructive-Sleep-Apnea","IGHA","Tonsillectomy","Naive-B-Cells",10
"Human",3,"Obstructive-Sleep-Apnea","IGHA","Tonsillectomy","Naive-B-Cells",4
"Human",1,"Obstructive-Sleep-Apnea","IGHA","Tonsillectomy","Plasmablast",19019
"Human",2,"Obstructive-Sleep-Apnea","IGHA","Tonsillectomy","Plasmablast",74
"Human",3,"Obstructive-Sleep-Apnea","IGHA","Tonsillectomy","Plasmablast",3
"Human",1,"Obstructive-Sleep-Apnea","IGHA","Tonsillectomy","Unsorted-B-Cells",6459
"Human",2,"Obstructive-Sleep-Apnea","IGHA","Tonsillectomy","Unsorted-B-Cells",33
"Human",3,"Obstructive-Sleep-Apnea","IGHA","Tonsillectomy","Unsorted-B-Cells",5
"Human",1,"Obstructive-Sleep-Apnea","IGHD","Tonsillectomy","Germlinal-Center-B-Cells",16850
"Human",2,"Obstructive-Sleep-Apnea","IGHD","Tonsillectomy","Germlinal-Center-B-Cells",28
"Human",3,"Obstructive-Sleep-Apnea","IGHD","Tonsillectomy","Germlinal-Center-B-Cells",1
"Human",1,"Obstructive-Sleep-Apnea","IGHD","Tonsillectomy","Memory-B-Cells",46781
"Human",2,"Obstructive-Sleep-Apnea","IGHD","Tonsillectomy","Memory-B-Cells",20
"Human",1,"Obstructive-Sleep-Apnea","IGHD","Tonsillectomy","Naive-B-Cells",17097
"Human",2,"Obstructive-Sleep-Apnea","IGHD","Tonsillectomy","Naive-B-Cells",12
"Human",1,"Obstructive-Sleep-Apnea","IGHD","Tonsillectomy","Plasmablast",222
"Human",2,"Obstructive-Sleep-Apnea","IGHD","Tonsillectomy","Plasmablast",11
"Human",1,"Obstructive-Sleep-Apnea","IGHD","Tonsillectomy","Unsorted-B-Cells",4246
"Human",2,"Obstructive-Sleep-Apnea","IGHD","Tonsillectomy","Unsorted-B-Cells",6
"Human",1,"Obstructive-Sleep-Apnea","IGHE","Tonsillectomy","Germlinal-Center-B-Cells",14
"Human",1,"Obstructive-Sleep-Apnea","IGHE","Tonsillectomy","Memory-B-Cells",5
"Human",1,"Obstructive-Sleep-Apnea","IGHE","Tonsillectomy","Naive-B-Cells",2
"Human",1,"Obstructive-Sleep-Apnea","IGHE","Tonsillectomy","Plasmablast",16
"Human",1,"Obstructive-Sleep-Apnea","IGHE","Tonsillectomy","Unsorted-B-Cells",2
"Human",1,"Obstructive-Sleep-Apnea","IGHG","Tonsillectomy","Germlinal-Center-B-Cells",642423
"Human",2,"Obstructive-Sleep-Apnea","IGHG","Tonsillectomy","Germlinal-Center-B-Cells",769
"Human",3,"Obstructive-Sleep-Apnea","IGHG","Tonsillectomy","Germlinal-Center-B-Cells",35
"Human",1,"Obstructive-Sleep-Apnea","IGHG","Tonsillectomy","Memory-B-Cells",254152
"Human",2,"Obstructive-Sleep-Apnea","IGHG","Tonsillectomy","Memory-B-Cells",412
"Human",3,"Obstructive-Sleep-Apnea","IGHG","Tonsillectomy","Memory-B-Cells",13
"Human",1,"Obstructive-Sleep-Apnea","IGHG","Tonsillectomy","Naive-B-Cells",3630
"Human",2,"Obstructive-Sleep-Apnea","IGHG","Tonsillectomy","Naive-B-Cells",118
"Human",3,"Obstructive-Sleep-Apnea","IGHG","Tonsillectomy","Naive-B-Cells",5
"Human",1,"Obstructive-Sleep-Apnea","IGHG","Tonsillectomy","Plasmablast",617455
"Human",2,"Obstructive-Sleep-Apnea","IGHG","Tonsillectomy","Plasmablast",1162
"Human",3,"Obstructive-Sleep-Apnea","IGHG","Tonsillectomy","Plasmablast",53
"Human",1,"Obstructive-Sleep-Apnea","IGHG","Tonsillectomy","Unsorted-B-Cells",100649
"Human",2,"Obstructive-Sleep-Apnea","IGHG","Tonsillectomy","Unsorted-B-Cells",251
"Human",3,"Obstructive-Sleep-Apnea","IGHG","Tonsillectomy","Unsorted-B-Cells",10
"Human",1,"Obstructive-Sleep-Apnea","IGHM","Tonsillectomy","Germlinal-Center-B-Cells",609251
"Human",2,"Obstructive-Sleep-Apnea","IGHM","Tonsillectomy","Germlinal-Center-B-Cells",633
"Human",3,"Obstructive-Sleep-Apnea","IGHM","Tonsillectomy","Germlinal-Center-B-Cells",12
"Human",1,"Obstructive-Sleep-Apnea","IGHM","Tonsillectomy","Memory-B-Cells",906002
"Human",2,"Obstructive-Sleep-Apnea","IGHM","Tonsillectomy","Memory-B-Cells",647
"Human",3,"Obstructive-Sleep-Apnea","IGHM","Tonsillectomy","Memory-B-Cells",20
"Human",1,"Obstructive-Sleep-Apnea","IGHM","Tonsillectomy","Naive-B-Cells",232332
"Human",2,"Obstructive-Sleep-Apnea","IGHM","Tonsillectomy","Naive-B-Cells",193
"Human",3,"Obstructive-Sleep-Apnea","IGHM","Tonsillectomy","Naive-B-Cells",8
"Human",1,"Obstructive-Sleep-Apnea","IGHM","Tonsillectomy","Plasmablast",39358
"Human",2,"Obstructive-Sleep-Apnea","IGHM","Tonsillectomy","Plasmablast",165
"Human",3,"Obstructive-Sleep-Apnea","IGHM","Tonsillectomy","Plasmablast",11
"Human",1,"Obstructive-Sleep-Apnea","IGHM","Tonsillectomy","Unsorted-B-Cells",100330
"Human",2,"Obstructive-Sleep-Apnea","IGHM","Tonsillectomy","Unsorted-B-Cells",93
"Human",3,"Obstructive-Sleep-Apnea","IGHM","Tonsillectomy","Unsorted-B-Cells",1
"Human",1,"SARS-COV-2","Bulk","Nasopharyngeal-Swab","Unsorted-B-Cells",2693598
"Human",2,"SARS-COV-2","Bulk","Nasopharyngeal-Swab","Unsorted-B-Cells",191
"Human",3,"SARS-COV-2","Bulk","Nasopharyngeal-Swab","Unsorted-B-Cells",12
"Human",4,"SARS-COV-2","Bulk","Nasopharyngeal-Swab","Unsorted-B-Cells",3
"Human",1,"SARS-COV-2","Bulk","PBMC","ASC",7053
"Human",1,"SARS-COV-2","Bulk","PBMC","Memory-B-Cells",571
"Human",1,"SARS-COV-2","Bulk","PBMC","Naive-B-Cells",2781
"Human",3,"SARS-COV-2","Bulk","PBMC","Naive-B-Cells",1
"Human",1,"SARS-COV-2","Bulk","PBMC","Plasmablast",100
"Human",1,"SARS-COV-2","Bulk","PBMC","Unsorted-B-Cells",22386853
"Human",2,"SARS-COV-2","Bulk","PBMC","Unsorted-B-Cells",4611
"Human",3,"SARS-COV-2","Bulk","PBMC","Unsorted-B-Cells",549
"Human",4,"SARS-COV-2","Bulk","PBMC","Unsorted-B-Cells",109
"Human",5,"SARS-COV-2","Bulk","PBMC","Unsorted-B-Cells",22
"Human",6,"SARS-COV-2","Bulk","PBMC","Unsorted-B-Cells",1
"Human",1,"SARS-COV-2","IGHA","Nasopharyngeal-Swab","Unsorted-B-Cells",1083653
"Human",2,"SARS-COV-2","IGHA","Nasopharyngeal-Swab","Unsorted-B-Cells",32
"Human",3,"SARS-COV-2","IGHA","Nasopharyngeal-Swab","Unsorted-B-Cells",4
"Human",4,"SARS-COV-2","IGHA","Nasopharyngeal-Swab","Unsorted-B-Cells",1
"Human",1,"SARS-COV-2","IGHA","PBMC","ASC",1168
"Human",1,"SARS-COV-2","IGHA","PBMC","Memory-B-Cells",33731
"Human",2,"SARS-COV-2","IGHA","PBMC","Memory-B-Cells",1
"Human",1,"SARS-COV-2","IGHA","PBMC","Naive-B-Cells",166
"Human",1,"SARS-COV-2","IGHA","PBMC","Plasmablast",729
"Human",1,"SARS-COV-2","IGHA","PBMC","Unsorted-B-Cells",5367789
"Human",2,"SARS-COV-2","IGHA","PBMC","Unsorted-B-Cells",158
"Human",3,"SARS-COV-2","IGHA","PBMC","Unsorted-B-Cells",12
"Human",4,"SARS-COV-2","IGHA","PBMC","Unsorted-B-Cells",6
"Human",1,"SARS-COV-2","IGHD","Nasopharyngeal-Swab","Unsorted-B-Cells",1532865
"Human",2,"SARS-COV-2","IGHD","Nasopharyngeal-Swab","Unsorted-B-Cells",314
"Human",3,"SARS-COV-2","IGHD","Nasopharyngeal-Swab","Unsorted-B-Cells",31
"Human",4,"SARS-COV-2","IGHD","Nasopharyngeal-Swab","Unsorted-B-Cells",8
"Human",5,"SARS-COV-2","IGHD","Nasopharyngeal-Swab","Unsorted-B-Cells",2
"Human",1,"SARS-COV-2","IGHD","PBMC","ASC",5
"Human",1,"SARS-COV-2","IGHD","PBMC","Memory-B-Cells",192
"Human",1,"SARS-COV-2","IGHD","PBMC","Naive-B-Cells",14935
"Human",2,"SARS-COV-2","IGHD","PBMC","Naive-B-Cells",54
"Human",3,"SARS-COV-2","IGHD","PBMC","Naive-B-Cells",5
"Human",1,"SARS-COV-2","IGHD","PBMC","Plasmablast",5
"Human",1,"SARS-COV-2","IGHD","PBMC","Unsorted-B-Cells",2968053
"Human",2,"SARS-COV-2","IGHD","PBMC","Unsorted-B-Cells",3515
"Human",3,"SARS-COV-2","IGHD","PBMC","Unsorted-B-Cells",404
"Human",4,"SARS-COV-2","IGHD","PBMC","Unsorted-B-Cells",88
"Human",5,"SARS-COV-2","IGHD","PBMC","Unsorted-B-Cells",21
"Human",6,"SARS-COV-2","IGHD","PBMC","Unsorted-B-Cells",1
"Human",1,"SARS-COV-2","IGHE","Nasopharyngeal-Swab","Unsorted-B-Cells",43042
"Human",1,"SARS-COV-2","IGHE","PBMC","Naive-B-Cells",1
"Human",1,"SARS-COV-2","IGHE","PBMC","Unsorted-B-Cells",59557
"Human",2,"SARS-COV-2","IGHE","PBMC","Unsorted-B-Cells",1
"Human",3,"SARS-COV-2","IGHE","PBMC","Unsorted-B-Cells",1
"Human",1,"SARS-COV-2","IGHG","Nasopharyngeal-Swab","Unsorted-B-Cells",992660
"Human",2,"SARS-COV-2","IGHG","Nasopharyngeal-Swab","Unsorted-B-Cells",118
"Human",3,"SARS-COV-2","IGHG","Nasopharyngeal-Swab","Unsorted-B-Cells",16
"Human",4,"SARS-COV-2","IGHG","Nasopharyngeal-Swab","Unsorted-B-Cells",2
"Human",1,"SARS-COV-2","IGHG","PBMC","ASC",1184
"Human",1,"SARS-COV-2","IGHG","PBMC","Memory-B-Cells",27345
"Human",1,"SARS-COV-2","IGHG","PBMC","Naive-B-Cells",268
"Human",1,"SARS-COV-2","IGHG","PBMC","Plasmablast",1286
"Human",1,"SARS-COV-2","IGHG","PBMC","Unsorted-B-Cells",19344104
"Human",2,"SARS-COV-2","IGHG","PBMC","Unsorted-B-Cells",809
"Human",3,"SARS-COV-2","IGHG","PBMC","Unsorted-B-Cells",59
"Human",4,"SARS-COV-2","IGHG","PBMC","Unsorted-B-Cells",14
"Human",1,"SARS-COV-2","IGHM","Nasopharyngeal-Swab","Unsorted-B-Cells",1987347
"Human",2,"SARS-COV-2","IGHM","Nasopharyngeal-Swab","Unsorted-B-Cells",556
"Human",3,"SARS-COV-2","IGHM","Nasopharyngeal-Swab","Unsorted-B-Cells",76
"Human",4,"SARS-COV-2","IGHM","Nasopharyngeal-Swab","Unsorted-B-Cells",17
"Human",5,"SARS-COV-2","IGHM","Nasopharyngeal-Swab","Unsorted-B-Cells",5
"Human",6,"SARS-COV-2","IGHM","Nasopharyngeal-Swab","Unsorted-B-Cells",1
"Human",1,"SARS-COV-2","IGHM","PBMC","ASC",3323
"Human",1,"SARS-COV-2","IGHM","PBMC","Memory-B-Cells",90811
"Human",2,"SARS-COV-2","IGHM","PBMC","Memory-B-Cells",8
"Human",3,"SARS-COV-2","IGHM","PBMC","Memory-B-Cells",2
"Human",1,"SARS-COV-2","IGHM","PBMC","Naive-B-Cells",357060
"Human",2,"SARS-COV-2","IGHM","PBMC","Naive-B-Cells",1358
"Human",3,"SARS-COV-2","IGHM","PBMC","Naive-B-Cells",148
"Human",4,"SARS-COV-2","IGHM","PBMC","Naive-B-Cells",30
"Human",5,"SARS-COV-2","IGHM","PBMC","Naive-B-Cells",8
"Human",6,"SARS-COV-2","IGHM","PBMC","Naive-B-Cells",3
"Human",7,"SARS-COV-2","IGHM","PBMC","Naive-B-Cells",1
"Human",1,"SARS-COV-2","IGHM","PBMC","Plasmablast",253
"Human",1,"SARS-COV-2","IGHM","PBMC","Unsorted-B-Cells",22704086
"Human",2,"SARS-COV-2","IGHM","PBMC","Unsorted-B-Cells",16194
"Human",3,"SARS-COV-2","IGHM","PBMC","Unsorted-B-Cells",1293
"Human",4,"SARS-COV-2","IGHM","PBMC","Unsorted-B-Cells",195
"Human",5,"SARS-COV-2","IGHM","PBMC","Unsorted-B-Cells",33
"Human",6,"SARS-COV-2","IGHM","PBMC","Unsorted-B-Cells",2
"Human",1,"SLE","Bulk","PBMC","Unsorted-B-Cells",48659
"Human",2,"SLE","Bulk","PBMC","Unsorted-B-Cells",1
"Human",1,"SLE","IGHA","PBMC","Unsorted-B-Cells",2892108
"Human",2,"SLE","IGHA","PBMC","Unsorted-B-Cells",54
"Human",1,"SLE","IGHD","PBMC","Unsorted-B-Cells",85
"Human",1,"SLE","IGHE","PBMC","Unsorted-B-Cells",130
"Human",1,"SLE","IGHG","PBMC","Unsorted-B-Cells",1908319
"Human",2,"SLE","IGHG","PBMC","Unsorted-B-Cells",76
"Human",3,"SLE","IGHG","PBMC","Unsorted-B-Cells",1
"Human",4,"SLE","IGHG","PBMC","Unsorted-B-Cells",1
"Human",1,"SLE","IGHM","PBMC","Unsorted-B-Cells",4255526
"Human",2,"SLE","IGHM","PBMC","Unsorted-B-Cells",353
"Human",3,"SLE","IGHM","PBMC","Unsorted-B-Cells",29
"Human",4,"SLE","IGHM","PBMC","Unsorted-B-Cells",6
"Human",5,"SLE","IGHM","PBMC","Unsorted-B-Cells",3
"Human",6,"SLE","IGHM","PBMC","Unsorted-B-Cells",2
"Human",1,"Tonsillitis","Bulk","Tonsillectomy","Germlinal-Center-B-Cells",14963
"Human",2,"Tonsillitis","Bulk","Tonsillectomy","Germlinal-Center-B-Cells",24
"Human",1,"Tonsillitis","Bulk","Tonsillectomy","Memory-B-Cells",11408
"Human",2,"Tonsillitis","Bulk","Tonsillectomy","Memory-B-Cells",12
"Human",1,"Tonsillitis","Bulk","Tonsillectomy","Naive-B-Cells",4412
"Human",2,"Tonsillitis","Bulk","Tonsillectomy","Naive-B-Cells",4
"Human",1,"Tonsillitis","Bulk","Tonsillectomy","Plasmablast",25960
"Human",2,"Tonsillitis","Bulk","Tonsillectomy","Plasmablast",18
"Human",1,"Tonsillitis","Bulk","Tonsillectomy","Unsorted-B-Cells",5585
"Human",2,"Tonsillitis","Bulk","Tonsillectomy","Unsorted-B-Cells",3
"Human",1,"Tonsillitis","IGHA","Tonsillectomy","Germlinal-Center-B-Cells",79616
"Human",2,"Tonsillitis","IGHA","Tonsillectomy","Germlinal-Center-B-Cells",96
"Human",3,"Tonsillitis","IGHA","Tonsillectomy","Germlinal-Center-B-Cells",15
"Human",1,"Tonsillitis","IGHA","Tonsillectomy","Memory-B-Cells",53131
"Human",2,"Tonsillitis","IGHA","Tonsillectomy","Memory-B-Cells",76
"Human",3,"Tonsillitis","IGHA","Tonsillectomy","Memory-B-Cells",14
"Human",1,"Tonsillitis","IGHA","Tonsillectomy","Naive-B-Cells",1252
"Human",2,"Tonsillitis","IGHA","Tonsillectomy","Naive-B-Cells",22
"Human",3,"Tonsillitis","IGHA","Tonsillectomy","Naive-B-Cells",12
"Human",1,"Tonsillitis","IGHA","Tonsillectomy","Plasmablast",42617
"Human",2,"Tonsillitis","IGHA","Tonsillectomy","Plasmablast",41
"Human",3,"Tonsillitis","IGHA","Tonsillectomy","Plasmablast",2
"Human",1,"Tonsillitis","IGHA","Tonsillectomy","Unsorted-B-Cells",7956
"Human",2,"Tonsillitis","IGHA","Tonsillectomy","Unsorted-B-Cells",38
"Human",3,"Tonsillitis","IGHA","Tonsillectomy","Unsorted-B-Cells",2
"Human",1,"Tonsillitis","IGHD","Tonsillectomy","Germlinal-Center-B-Cells",23211
"Human",2,"Tonsillitis","IGHD","Tonsillectomy","Germlinal-Center-B-Cells",28
"Human",3,"Tonsillitis","IGHD","Tonsillectomy","Germlinal-Center-B-Cells",1
"Human",1,"Tonsillitis","IGHD","Tonsillectomy","Memory-B-Cells",30159
"Human",2,"Tonsillitis","IGHD","Tonsillectomy","Memory-B-Cells",48
"Human",3,"Tonsillitis","IGHD","Tonsillectomy","Memory-B-Cells",1
"Human",7,"Tonsillitis","IGHD","Tonsillectomy","Memory-B-Cells",1
"Human",1,"Tonsillitis","IGHD","Tonsillectomy","Naive-B-Cells",23923
"Human",2,"Tonsillitis","IGHD","Tonsillectomy","Naive-B-Cells",22
"Human",3,"Tonsillitis","IGHD","Tonsillectomy","Naive-B-Cells",1
"Human",1,"Tonsillitis","IGHD","Tonsillectomy","Plasmablast",375
"Human",2,"Tonsillitis","IGHD","Tonsillectomy","Plasmablast",13
"Human",1,"Tonsillitis","IGHD","Tonsillectomy","Unsorted-B-Cells",12533
"Human",2,"Tonsillitis","IGHD","Tonsillectomy","Unsorted-B-Cells",14
"Human",1,"Tonsillitis","IGHE","Tonsillectomy","Germlinal-Center-B-Cells",49
"Human",1,"Tonsillitis","IGHE","Tonsillectomy","Memory-B-Cells",21
"Human",1,"Tonsillitis","IGHE","Tonsillectomy","Naive-B-Cells",2
"Human",1,"Tonsillitis","IGHE","Tonsillectomy","Plasmablast",67
"Human",1,"Tonsillitis","IGHE","Tonsillectomy","Unsorted-B-Cells",11
"Human",1,"Tonsillitis","IGHG","Tonsillectomy","Germlinal-Center-B-Cells",1071518
"Human",2,"Tonsillitis","IGHG","Tonsillectomy","Germlinal-Center-B-Cells",1523
"Human",3,"Tonsillitis","IGHG","Tonsillectomy","Germlinal-Center-B-Cells",26
"Human",1,"Tonsillitis","IGHG","Tonsillectomy","Memory-B-Cells",379752
"Human",2,"Tonsillitis","IGHG","Tonsillectomy","Memory-B-Cells",1031
"Human",3,"Tonsillitis","IGHG","Tonsillectomy","Memory-B-Cells",32
"Human",1,"Tonsillitis","IGHG","Tonsillectomy","Naive-B-Cells",10301
"Human",2,"Tonsillitis","IGHG","Tonsillectomy","Naive-B-Cells",462
"Human",3,"Tonsillitis","IGHG","Tonsillectomy","Naive-B-Cells",27
"Human",1,"Tonsillitis","IGHG","Tonsillectomy","Plasmablast",1347049
"Human",2,"Tonsillitis","IGHG","Tonsillectomy","Plasmablast",1343
"Human",3,"Tonsillitis","IGHG","Tonsillectomy","Plasmablast",19
"Human",1,"Tonsillitis","IGHG","Tonsillectomy","Unsorted-B-Cells",201594
"Human",2,"Tonsillitis","IGHG","Tonsillectomy","Unsorted-B-Cells",516
"Human",3,"Tonsillitis","IGHG","Tonsillectomy","Unsorted-B-Cells",10
"Human",1,"Tonsillitis","IGHM","Tonsillectomy","Germlinal-Center-B-Cells",1085558
"Human",2,"Tonsillitis","IGHM","Tonsillectomy","Germlinal-Center-B-Cells",1852
"Human",3,"Tonsillitis","IGHM","Tonsillectomy","Germlinal-Center-B-Cells",22
"Human",1,"Tonsillitis","IGHM","Tonsillectomy","Memory-B-Cells",970199
"Human",2,"Tonsillitis","IGHM","Tonsillectomy","Memory-B-Cells",1400
"Human",3,"Tonsillitis","IGHM","Tonsillectomy","Memory-B-Cells",8
"Human",1,"Tonsillitis","IGHM","Tonsillectomy","Naive-B-Cells",477014
"Human",2,"Tonsillitis","IGHM","Tonsillectomy","Naive-B-Cells",685
"Human",3,"Tonsillitis","IGHM","Tonsillectomy","Naive-B-Cells",8
"Human",1,"Tonsillitis","IGHM","Tonsillectomy","Plasmablast",100279
"Human",2,"Tonsillitis","IGHM","Tonsillectomy","Plasmablast",559
"Human",3,"Tonsillitis","IGHM","Tonsillectomy","Plasmablast",9
"Human",1,"Tonsillitis","IGHM","Tonsillectomy","Unsorted-B-Cells",376184
"Human",2,"Tonsillitis","IGHM","Tonsillectomy","Unsorted-B-Cells",783
"Human",3,"Tonsillitis","IGHM","Tonsillectomy","Unsorted-B-Cells",4
"Human",1,"Tonsillitis/Obstructive-Sleep-Apnea","Bulk","Tonsillectomy","Germlinal-Center-B-Cells",8461
"Human",2,"Tonsillitis/Obstructive-Sleep-Apnea","Bulk","Tonsillectomy","Germlinal-Center-B-Cells",20
"Human",1,"Tonsillitis/Obstructive-Sleep-Apnea","Bulk","Tonsillectomy","Memory-B-Cells",6192
"Human",2,"Tonsillitis/Obstructive-Sleep-Apnea","Bulk","Tonsillectomy","Memory-B-Cells",16
"Human",1,"Tonsillitis/Obstructive-Sleep-Apnea","Bulk","Tonsillectomy","Naive-B-Cells",1483
"Human",2,"Tonsillitis/Obstructive-Sleep-Apnea","Bulk","Tonsillectomy","Naive-B-Cells",1
"Human",1,"Tonsillitis/Obstructive-Sleep-Apnea","Bulk","Tonsillectomy","Plasmablast",4989
"Human",2,"Tonsillitis/Obstructive-Sleep-Apnea","Bulk","Tonsillectomy","Plasmablast",12
"Human",1,"Tonsillitis/Obstructive-Sleep-Apnea","Bulk","Tonsillectomy","Unsorted-B-Cells",2544
"Human",2,"Tonsillitis/Obstructive-Sleep-Apnea","Bulk","Tonsillectomy","Unsorted-B-Cells",6
"Human",1,"Tonsillitis/Obstructive-Sleep-Apnea","IGHA","Tonsillectomy","Germlinal-Center-B-Cells",30893
"Human",2,"Tonsillitis/Obstructive-Sleep-Apnea","IGHA","Tonsillectomy","Germlinal-Center-B-Cells",72
"Human",3,"Tonsillitis/Obstructive-Sleep-Apnea","IGHA","Tonsillectomy","Germlinal-Center-B-Cells",7
"Human",1,"Tonsillitis/Obstructive-Sleep-Apnea","IGHA","Tonsillectomy","Memory-B-Cells",22546
"Human",2,"Tonsillitis/Obstructive-Sleep-Apnea","IGHA","Tonsillectomy","Memory-B-Cells",88
"Human",3,"Tonsillitis/Obstructive-Sleep-Apnea","IGHA","Tonsillectomy","Memory-B-Cells",18
"Human",1,"Tonsillitis/Obstructive-Sleep-Apnea","IGHA","Tonsillectomy","Naive-B-Cells",481
"Human",2,"Tonsillitis/Obstructive-Sleep-Apnea","IGHA","Tonsillectomy","Naive-B-Cells",16
"Human",3,"Tonsillitis/Obstructive-Sleep-Apnea","IGHA","Tonsillectomy","Naive-B-Cells",8
"Human",1,"Tonsillitis/Obstructive-Sleep-Apnea","IGHA","Tonsillectomy","Plasmablast",15338
"Human",2,"Tonsillitis/Obstructive-Sleep-Apnea","IGHA","Tonsillectomy","Plasmablast",57
"Human",3,"Tonsillitis/Obstructive-Sleep-Apnea","IGHA","Tonsillectomy","Plasmablast",9
"Human",1,"Tonsillitis/Obstructive-Sleep-Apnea","IGHA","Tonsillectomy","Unsorted-B-Cells",3004
"Human",2,"Tonsillitis/Obstructive-Sleep-Apnea","IGHA","Tonsillectomy","Unsorted-B-Cells",26
"Human",3,"Tonsillitis/Obstructive-Sleep-Apnea","IGHA","Tonsillectomy","Unsorted-B-Cells",8
"Human",1,"Tonsillitis/Obstructive-Sleep-Apnea","IGHD","Tonsillectomy","Germlinal-Center-B-Cells",19459
"Human",2,"Tonsillitis/Obstructive-Sleep-Apnea","IGHD","Tonsillectomy","Germlinal-Center-B-Cells",33
"Human",1,"Tonsillitis/Obstructive-Sleep-Apnea","IGHD","Tonsillectomy","Memory-B-Cells",26212
"Human",2,"Tonsillitis/Obstructive-Sleep-Apnea","IGHD","Tonsillectomy","Memory-B-Cells",57
"Human",3,"Tonsillitis/Obstructive-Sleep-Apnea","IGHD","Tonsillectomy","Memory-B-Cells",1
"Human",1,"Tonsillitis/Obstructive-Sleep-Apnea","IGHD","Tonsillectomy","Naive-B-Cells",16815
"Human",2,"Tonsillitis/Obstructive-Sleep-Apnea","IGHD","Tonsillectomy","Naive-B-Cells",17
"Human",1,"Tonsillitis/Obstructive-Sleep-Apnea","IGHD","Tonsillectomy","Plasmablast",347
"Human",2,"Tonsillitis/Obstructive-Sleep-Apnea","IGHD","Tonsillectomy","Plasmablast",9
"Human",1,"Tonsillitis/Obstructive-Sleep-Apnea","IGHD","Tonsillectomy","Unsorted-B-Cells",8889
"Human",2,"Tonsillitis/Obstructive-Sleep-Apnea","IGHD","Tonsillectomy","Unsorted-B-Cells",12
"Human",1,"Tonsillitis/Obstructive-Sleep-Apnea","IGHE","Tonsillectomy","Germlinal-Center-B-Cells",6
"Human",1,"Tonsillitis/Obstructive-Sleep-Apnea","IGHE","Tonsillectomy","Memory-B-Cells",11
"Human",1,"Tonsillitis/Obstructive-Sleep-Apnea","IGHE","Tonsillectomy","Naive-B-Cells",1
"Human",1,"Tonsillitis/Obstructive-Sleep-Apnea","IGHE","Tonsillectomy","Plasmablast",25
"Human",1,"Tonsillitis/Obstructive-Sleep-Apnea","IGHE","Tonsillectomy","Unsorted-B-Cells",12
"Human",1,"Tonsillitis/Obstructive-Sleep-Apnea","IGHG","Tonsillectomy","Germlinal-Center-B-Cells",246054
"Human",2,"Tonsillitis/Obstructive-Sleep-Apnea","IGHG","Tonsillectomy","Germlinal-Center-B-Cells",1034
"Human",3,"Tonsillitis/Obstructive-Sleep-Apnea","IGHG","Tonsillectomy","Germlinal-Center-B-Cells",17
"Human",1,"Tonsillitis/Obstructive-Sleep-Apnea","IGHG","Tonsillectomy","Memory-B-Cells",174550
"Human",2,"Tonsillitis/Obstructive-Sleep-Apnea","IGHG","Tonsillectomy","Memory-B-Cells",1326
"Human",3,"Tonsillitis/Obstructive-Sleep-Apnea","IGHG","Tonsillectomy","Memory-B-Cells",37
"Human",1,"Tonsillitis/Obstructive-Sleep-Apnea","IGHG","Tonsillectomy","Naive-B-Cells",4976
"Human",2,"Tonsillitis/Obstructive-Sleep-Apnea","IGHG","Tonsillectomy","Naive-B-Cells",251
"Human",3,"Tonsillitis/Obstructive-Sleep-Apnea","IGHG","Tonsillectomy","Naive-B-Cells",17
"Human",1,"Tonsillitis/Obstructive-Sleep-Apnea","IGHG","Tonsillectomy","Plasmablast",563371
"Human",2,"Tonsillitis/Obstructive-Sleep-Apnea","IGHG","Tonsillectomy","Plasmablast",1336
"Human",3,"Tonsillitis/Obstructive-Sleep-Apnea","IGHG","Tonsillectomy","Plasmablast",11
"Human",4,"Tonsillitis/Obstructive-Sleep-Apnea","IGHG","Tonsillectomy","Plasmablast",1
"Human",1,"Tonsillitis/Obstructive-Sleep-Apnea","IGHG","Tonsillectomy","Unsorted-B-Cells",106918
"Human",2,"Tonsillitis/Obstructive-Sleep-Apnea","IGHG","Tonsillectomy","Unsorted-B-Cells",551
"Human",3,"Tonsillitis/Obstructive-Sleep-Apnea","IGHG","Tonsillectomy","Unsorted-B-Cells",13
"Human",1,"Tonsillitis/Obstructive-Sleep-Apnea","IGHM","Tonsillectomy","Germlinal-Center-B-Cells",797031
"Human",2,"Tonsillitis/Obstructive-Sleep-Apnea","IGHM","Tonsillectomy","Germlinal-Center-B-Cells",1584
"Human",3,"Tonsillitis/Obstructive-Sleep-Apnea","IGHM","Tonsillectomy","Germlinal-Center-B-Cells",7
"Human",1,"Tonsillitis/Obstructive-Sleep-Apnea","IGHM","Tonsillectomy","Memory-B-Cells",851634
"Human",2,"Tonsillitis/Obstructive-Sleep-Apnea","IGHM","Tonsillectomy","Memory-B-Cells",1888
"Human",3,"Tonsillitis/Obstructive-Sleep-Apnea","IGHM","Tonsillectomy","Memory-B-Cells",32
"Human",1,"Tonsillitis/Obstructive-Sleep-Apnea","IGHM","Tonsillectomy","Naive-B-Cells",311244
"Human",2,"Tonsillitis/Obstructive-Sleep-Apnea","IGHM","Tonsillectomy","Naive-B-Cells",486
"Human",3,"Tonsillitis/Obstructive-Sleep-Apnea","IGHM","Tonsillectomy","Naive-B-Cells",3
"Human",1,"Tonsillitis/Obstructive-Sleep-Apnea","IGHM","Tonsillectomy","Plasmablast",99240
"Human",2,"Tonsillitis/Obstructive-Sleep-Apnea","IGHM","Tonsillectomy","Plasmablast",524
"Human",3,"Tonsillitis/Obstructive-Sleep-Apnea","IGHM","Tonsillectomy","Plasmablast",1
"Human",1,"Tonsillitis/Obstructive-Sleep-Apnea","IGHM","Tonsillectomy","Unsorted-B-Cells",256678
"Human",2,"Tonsillitis/Obstructive-Sleep-Apnea","IGHM","Tonsillectomy","Unsorted-B-Cells",778
"Human",3,"Tonsillitis/Obstructive-Sleep-Apnea","IGHM","Tonsillectomy","Unsorted-B-Cells",4
"Human",4,"Tonsillitis/Obstructive-Sleep-Apnea","IGHM","Tonsillectomy","Unsorted-B-Cells",1
